ID;Comentario;Etiqueta
1;Las mujeres no entienden nada de tecnologia es mejor que se queden en casa;1
2;Es genial ver a mas mujeres interesadas en la programacion aunque la mayoria son novatas;1
3;Las mujeres tienen una perspectiva unica en el desarrollo de software y eso es valioso;0
4;Por que las mujeres siempre necesitan ayuda con las computadoras No pueden hacer nada por si solas;1
5;Las mujeres en tecnologia suelen ser mas colaborativas y empaticas;0
6;La mayoria de las programadoras solo estan en el campo porque quieren mostrar que pueden hacerlo;1
7;Es impresionante como algunas mujeres pueden destacar en el ambito tecnologico;0
8;La presencia de mujeres en conferencias de tecnologia a menudo parece forzada;1
9;El trabajo de una mujer en tecnologia puede ser igual de competente que el de un hombre;0
10;Las mujeres suelen ser menos tecnicas y mas interesadas en el diseno;1
11;Ver a mujeres liderando equipos de desarrollo es inspirador;0
12;Las mujeres en tecnologia a menudo buscan reconocimiento mas que resolver problemas;1
13;La diversidad en el equipo de desarrollo de software puede mejorar los resultados del proyecto;0
14;Las mujeres no deberian ser desarrolladoras si no estan dispuestas a trabajar tan duro como los hombres;1
15;Es positivo ver cada vez mas mujeres alcanzando posiciones de liderazgo en tecnologia;0
16;Las mujeres tienen menos habilidad tecnica para ser verdaderas expertas en tecnologia;1
17;Las contribuciones de mujeres en tecnologia son cada vez mas reconocidas y valoradas;0
18;Las mujeres a menudo tienen un enfoque mas holistico en el desarrollo de software;0
19;Las mujeres no tienen el mismo nivel de habilidad tecnica en tecnologia que los hombres;1
20;El trabajo de mujeres en el campo tecnologico puede aportar nuevas perspectivas e ideas;0
21;Las mujeres solo estan en tecnologia porque buscan igualdad de oportunidades no por talento;1
22;Algunas mujeres tienen habilidades tecnicas sorprendentes y aportan mucho al equipo;0
23;No entiendo por que las mujeres en tecnologia siempre se quejan de no ser tomadas en serio;1
24;Es inspirador ver como las mujeres estan rompiendo barreras en el mundo tecnologico;0
25;Las mujeres en tecnologia suelen tener una perspectiva mas centrada en el usuario final;0
26;A menudo las mujeres en tecnologia solo estan en la superficie y no entienden los detalles tecnicos;1
27;Las contribuciones femeninas en tecnologia estan cambiando el campo de manera positiva;0
28;Algunas mujeres tienen habilidades blandas que complementan muy bien sus habilidades tecnicas;0
29;Las mujeres que trabajan en tecnologia a menudo no tienen el mismo nivel de compromiso que los hombres;1
30;El aumento de mujeres en tecnologia esta enriqueciendo el sector con nuevas ideas y enfoques;0
31;A las mujeres en tecnologia les falta la pasion que tienen los hombres por los desafios tecnicos;1
32;Ver a mujeres exitosas en tecnologia demuestra que el genero no determina la habilidad tecnica;0
33;Las mujeres en tecnologia suelen tener menos experiencia practica que sus colegas masculinos;1
34;Las perspectivas de las mujeres pueden aportar una gran riqueza al desarrollo de nuevos productos tecnologicos;0
35;La mayoria de las mujeres en tecnologia estan alli por razones de diversidad mas que por competencia real;1
36;Cada vez mas mujeres estan ocupando roles importantes en la industria tecnologica y eso es positivo;0
37;Las mujeres en tecnologia a menudo tienen que demostrar mas su competencia que los hombres;0
38;Las mujeres tienden a ser mas detallistas en el desarrollo de software y eso mejora la calidad del producto;0
39;El interes de las mujeres en la tecnologia es solo una moda pasajera no una verdadera pasion;1
40;Las mujeres que sobresalen en tecnologia demuestran que la habilidad no esta ligada al genero;0
41;Es raro ver a una mujer con habilidades avanzadas en tecnologia;1
42;Las mujeres que se dedican a la tecnologia a menudo aportan un enfoque diferente y valioso;0
43;Las mujeres en el ambito tecnologico a menudo son menos innovadoras que sus colegas masculinos;1
44;El aumento de mujeres en tecnologia esta ayudando a diversificar el campo y mejorar la innovacion;0
45;A menudo las mujeres en tecnologia enfrentan desafios adicionales debido a prejuicios de genero;0
46;Las mujeres en tecnologia tienden a buscar roles de soporte en lugar de liderazgo tecnico;1
47;Es alentador ver como mas mujeres estan liderando proyectos tecnologicos importantes;0
48;Las mujeres a menudo tienen menos interes en los aspectos mas tecnicos de la tecnologia;1
49;Las mujeres en tecnologia estan haciendo contribuciones significativas a la industria;0
50;A veces parece que las mujeres en tecnologia estan mas preocupadas por ser aceptadas que por hacer su trabajo;1
51;Las mujeres en el sector tecnologico a menudo tienen habilidades interpersonales excepcionales;0
52;El nivel de habilidad tecnica entre mujeres y hombres en tecnologia es comparable;0
53;Las mujeres a menudo tienen que esforzarse mas para ser tomadas en serio en tecnologia;0
54;Las mujeres en tecnologia a menudo ocupan roles menos tecnicos y mas orientados a la gestion;1
55;Es positivo ver a mas mujeres trabajando en roles tecnicos desafiantes en la tecnologia;0
56;Las mujeres en tecnologia a veces se enfrentan a estereotipos que cuestionan sus habilidades tecnicas;0
57;El interes de las mujeres en la tecnologia a menudo se ve como una tendencia y no una carrera seria;1
58;Las mujeres que eligen carreras en tecnologia estan demostrando que el talento no tiene genero;0
59;Las habilidades tecnicas de las mujeres en tecnologia a menudo son subestimadas;1
60;Cada vez mas mujeres estan mostrando que pueden sobresalir en el mundo tecnologico con gran exito;0
61;Las mujeres suelen no entender los conceptos tecnicos profundos como los hombres.;1
62;Muchas mujeres en tecnologia son vistas como un “token” en lugar de profesionales cualificadas.;1
63;Es raro ver a mujeres destacandose en roles altamente tecnicos dentro de la tecnologia.;1
64;A menudo las mujeres en tecnologia son promovidas mas por su genero que por sus habilidades.;1
65;Las mujeres en tecnologia frecuentemente necesitan ayuda adicional que los hombres no necesitan.;1
66;Hay una percepcion de que las mujeres en tecnologia no tienen la misma pasion por el area tecnica.;1
67;Las mujeres a menudo no tienen la misma resistencia a los desafios tecnicos que los hombres.;1
68;La mayoria de las mujeres en tecnologia parecen estar alli solo para cumplir con las cuotas de diversidad.;1
69;Las mujeres en roles tecnicos suelen tener un enfoque menos riguroso en comparacion con sus colegas masculinos.;1
70;Las mujeres a menudo se enfrentan a barreras adicionales en tecnologia debido a estereotipos de genero.;1
71;Las mujeres no tienen el mismo nivel de compromiso con la tecnologia es mejor que se queden en casa;1
72;Es mejor que las mujeres se dediquen a tareas domesticas en lugar de trabajar en tecnologia;1
73;Las mujeres en tecnologia suelen distraerse con cuestiones personales y no son tan productivas;1
74;Las mujeres a menudo priorizan su vida familiar sobre su carrera en tecnologia lo que les limita;1
75;El lugar de las mujeres esta en casa no en roles tecnicos desafiantes;1
76;La tecnologia es una herramienta poderosa que puede beneficiar a todos;0
77;Trabajar en equipo es esencial para el éxito en cualquier proyecto tecnológico;0
78;Es importante promover la igualdad de oportunidades en todos los campos  incluyendo la tecnologia;0
79;Las habilidades de programacion pueden abrir muchas puertas en diferentes industrias;0
80;El aprendizaje continuo es clave para mantenerse actualizado en el campo tecnológico;0
